cleanliness_score,odor_score,waste_level,complaints,footfall,hours_since_cleaning,complaint_rate,actual_risk,predicted_risk
9,2,3,4,168,13,0.023668639053254437,Low,Medium
2,7,5,1,51,11,0.019230769230769232,Medium,Medium
7,3,10,9,257,18,0.03488372093023256,High,Medium
2,9,6,0,484,14,0.0,Medium,Medium
1,6,4,7,391,4,0.017857142857142856,Medium,Medium
6,1,2,8,141,19,0.056338028169014086,Medium,Medium
9,7,4,14,351,9,0.03977272727272727,Medium,Medium
10,4,8,4,168,15,0.023668639053254437,Medium,Medium
7,3,8,4,368,18,0.01084010840108401,Medium,Medium
3,7,3,8,286,8,0.027874564459930314,Medium,Medium
5,7,9,1,282,3,0.0035335689045936395,Low,Medium
7,4,5,11,292,18,0.03754266211604096,Medium,Medium
7,10,1,12,294,1,0.04067796610169491,Low,Low
4,5,10,6,267,4,0.022388059701492536,Medium,Medium
3,3,7,2,247,13,0.008064516129032258,Medium,Medium
4,6,2,5,148,7,0.03355704697986577,Low,Low
8,7,8,4,185,5,0.021505376344086023,Low,Medium
6,2,8,3,319,15,0.009375,Medium,Medium
1,4,5,2,487,8,0.004098360655737705,Medium,Medium
3,5,3,14,332,23,0.042042042042042045,High,Medium
7,7,4,2,353,23,0.005649717514124294,Medium,Medium
7,5,7,8,477,3,0.016736401673640166,Medium,Medium
5,9,1,13,97,8,0.1326530612244898,Low,Medium
10,3,4,4,292,22,0.013651877133105802,Medium,Medium
7,10,10,10,183,7,0.05434782608695652,Medium,Medium
2,1,1,7,152,1,0.0457516339869281,Medium,Medium
5,10,6,6,410,3,0.014598540145985401,Low,Medium
2,1,3,9,354,24,0.02535211267605634,High,Medium
3,4,2,13,258,11,0.05019305019305019,Medium,Medium
2,9,2,13,66,1,0.19402985074626866,Medium,Low
8,9,1,2,170,21,0.011695906432748537,Low,Low
2,4,4,8,388,3,0.02056555269922879,Medium,Medium
5,9,3,2,276,12,0.007220216606498195,Low,Low
10,1,7,10,359,9,0.027777777777777776,Medium,Medium
4,9,9,8,432,19,0.018475750577367205,Medium,Medium
3,1,5,15,108,3,0.13761467889908258,Medium,Medium
3,3,3,2,362,13,0.005509641873278237,Medium,Medium
4,9,8,5,387,3,0.01288659793814433,Medium,Medium
5,10,9,0,391,18,0.0,Medium,Medium
2,8,9,3,75,21,0.039473684210526314,Medium,Medium
