facility_id,location,cleanliness_score,odor_score,waste_level,water_availability,footfall,complaints,inspection_date
F001,Amravati,8,3,4,Yes,450,5,2026-01-05
F002,Akola,6,5,7,Yes,620,12,2026-01-10
F003,Nagpur,9,2,3,Yes,800,4,2026-01-15
F004,Pune,5,7,9,No,900,20,2026-01-20
F005,Mumbai,7,4,5,Yes,1200,15,2026-01-25
F006,Amravati,8,2,3,Yes,500,3,2026-02-01
F007,Akola,6,6,8,No,650,14,2026-02-05
F008,Nagpur,9,2,2,Yes,850,5,2026-02-10
F009,Pune,4,8,10,No,950,25,2026-02-15
F010,Mumbai,7,5,6,Yes,1300,18,2026-02-20
F011,Amravati,8,3,4,Yes,480,4,2026-03-01
F012,Akola,7,4,6,Yes,700,10,2026-03-05
F013,Nagpur,9,1,2,Yes,900,3,2026-03-10
F014,Pune,5,7,8,No,1000,22,2026-03-15
F015,Mumbai,6,6,7,Yes,1400,20,2026-03-20
F016,Amravati,8,3,3,Yes,520,5,2026-04-01
F017,Akola,6,5,7,Yes,680,11,2026-04-05
F018,Nagpur,10,2,1,Yes,920,2,2026-04-10
F019,Pune,4,8,9,No,1100,28,2026-04-15
F020,Mumbai,7,5,6,Yes,1500,19,2026-04-20
F021,Amravati,8,3,4,Yes,550,6,2026-05-01
F022,Akola,7,4,5,Yes,720,9,2026-05-05
F023,Nagpur,9,2,2,Yes,950,4,2026-05-10
F024,Pune,5,7,8,No,1150,24,2026-05-15
F025,Mumbai,6,6,7,Yes,1600,21,2026-05-20
F026,Amravati,8,3,3,Yes,580,5,2026-06-01
F027,Akola,6,5,6,Yes,750,12,2026-06-05
F028,Nagpur,9,2,2,Yes,980,3,2026-06-10
F029,Pune,5,7,9,No,1200,26,2026-06-15
F030,Mumbai,7,5,6,Yes,1700,23,2026-06-20
F031,Amravati,8,3,4,Yes,600,5,2026-07-01
F032,Akola,7,4,5,Yes,780,10,2026-07-05
F033,Nagpur,9,2,2,Yes,1000,4,2026-07-10
F034,Pune,4,8,10,No,1250,30,2026-07-15
F035,Mumbai,6,6,7,Yes,1800,25,2026-07-20
F036,Amravati,8,3,3,Yes,620,6,2026-08-01
F037,Akola,6,5,7,Yes,800,13,2026-08-05
F038,Nagpur,9,2,1,Yes,1050,3,2026-08-10
F039,Pune,5,7,9,No,1300,27,2026-08-15
F040,Mumbai,7,5,6,Yes,1900,24,2026-08-20
F041,Amravati,8,3,4,Yes,640,5,2026-09-01
F042,Akola,7,4,6,Yes,820,11,2026-09-05
F043,Nagpur,9,2,2,Yes,1100,4,2026-09-10
F044,Pune,5,7,8,No,1350,29,2026-09-15
F045,Mumbai,6,6,7,Yes,2000,26,2026-09-20
F046,Amravati,8,3,3,Yes,660,6,2026-10-01
F047,Akola,6,5,7,Yes,850,14,2026-10-05
F048,Nagpur,9,2,2,Yes,1150,5,2026-10-06
F049,Pune,4,8,10,No,1400,31,2026-10-06
F050,Mumbai,7,5,6,Yes,2100,27,2026-10-06
F051,Amravati,,3,4,Yes,470,5,2026-01-08
F052,Akola,6,,7,Yes,630,12,2026-01-12
F053,Nagpur,9,2,,Yes,810,4,2026-01-18
F054,Pune,5,7,9,,920,20,2026-01-22
F055,Mumbai,7,4,5,Yes,,15,2026-01-28
F056,Amravati,8,3,4,Yes,510,,2026-02-03
F057,Akola,6,5,7,Yes,670,13,2026-02-08
F058,Nagpur,9,2,3,Yes,870,5,2026-02-13
F059,Pune,5,7,9,No,980,21,2026-02-18
F060,Mumbai,7,5,6,Yes,1250,17,2026-02-23
F061,Amravati,8,3,4,Yes,490,4,2026-03-03
F062,Akola,6,5,7,Yes,690,12,2026-03-08
F063,Nagpur,9,2,2,Yes,880,4,2026-03-13
F064,Pune,5,7,9,No,1020,23,2026-03-18
F065,Mumbai,7,5,6,Yes,1350,18,2026-03-23
F066,Amravati,8,3,4,Yes,530,5,2026-04-03
F067,Akola,6,5,7,Yes,710,11,2026-04-08
F068,Nagpur,9,2,2,Yes,930,3,2026-04-13
F069,Pune,5,7,9,No,1080,25,2026-04-18
F070,Mumbai,7,5,6,Yes,1450,19,2026-04-23
F071,Amravati,8,3,4,Yes,570,5,2026-05-03
F072,Akola,7,4,6,Yes,740,10,2026-05-08
F073,Nagpur,9,2,2,Yes,970,4,2026-05-13
F074,Pune,5,7,8,No,1180,24,2026-05-18
F075,Mumbai,6,6,7,Yes,1550,21,2026-05-23
F076,Amravati,8,3,3,Yes,590,6,2026-06-03
F077,Akola,6,5,7,Yes,770,13,2026-06-08
F078,Nagpur,9,2,2,Yes,1010,3,2026-06-13
F079,Pune,4,8,10,No,1220,27,2026-06-18
F080,Mumbai,7,5,6,Yes,1650,22,2026-06-23
F081,Amravati,8,3,4,Yes,610,5,2026-07-03
F082,Akola,7,4,5,Yes,790,9,2026-07-08
F083,Nagpur,9,2,2,Yes,1030,4,2026-07-13
F084,Pune,5,7,9,No,1270,28,2026-07-18
F085,Mumbai,6,6,7,Yes,1750,24,2026-07-23
F086,Amravati,8,3,3,Yes,630,6,2026-08-03
F087,Akola,6,5,7,Yes,810,13,2026-08-08
F088,Nagpur,9,2,2,Yes,1060,3,2026-08-13
F089,Pune,5,7,9,No,1320,26,2026-08-18
F090,Mumbai,7,5,6,Yes,1850,23,2026-08-23
F091,Amravati,8,3,4,Yes,650,5,2026-09-03
F092,Akola,7,4,6,Yes,830,11,2026-09-08
F093,Nagpur,9,2,2,Yes,1080,4,2026-09-13
F094,Pune,5,7,8,No,1370,29,2026-09-18
F095,Mumbai,6,6,7,Yes,1950,25,2026-09-23
F096,Amravati,8,3,3,Yes,670,6,2026-10-02
F097,Akola,6,5,7,Yes,860,14,2026-10-04
F098,Nagpur,9,2,2,Yes,1180,5,2026-10-05
F099,Pune,15,7,9,No,1400,32,2026-10-06
F100,Mumbai,7,-2,6,Yes,-500,28,2026-10-06
F100,Mumbai,7,-2,6,Yes,-500,28,2026-10-06