cleanliness_score,odor_score,waste_level,complaints,footfall,hours_since_cleaning,hygiene_risk
2,1,5,7,164,5,Medium
2,9,2,13,66,1,Medium
2,4,4,0,337,7,Medium
9,7,4,14,351,9,Medium
1,3,7,10,192,5,Medium
4,6,2,2,244,4,Low
6,6,10,8,463,2,Medium
8,9,2,12,90,18,Medium
5,10,6,6,410,3,Low
1,4,5,2,487,8,Medium
2,7,5,14,375,12,Medium
3,6,6,6,393,9,Medium
2,10,3,7,133,15,Medium
7,5,9,7,400,11,Medium
1,4,1,10,255,9,Medium
2,4,10,10,158,21,High
8,7,8,4,185,5,Low
4,9,9,8,432,19,Medium
7,10,7,11,162,5,Low
9,8,2,1,490,4,Low
3,3,7,2,247,13,Medium
10,8,9,8,333,1,Low
2,9,5,10,107,10,Medium
7,3,8,0,419,24,Medium
5,9,3,3,495,21,Medium
5,9,10,6,128,12,Medium
3,9,9,0,356,11,Medium
8,1,2,11,499,10,Medium
4,1,4,2,93,24,Medium
8,2,9,4,115,22,Medium
8,9,3,8,320,20,Medium
7,4,9,6,415,10,Medium
7,6,8,14,111,8,Medium
4,2,6,0,351,18,Medium
4,10,4,0,86,23,Medium
1,4,2,1,490,11,Medium
2,9,4,8,392,16,Medium
4,9,3,15,174,16,Medium
7,4,2,3,387,14,Low
6,7,7,14,492,24,High
1,2,1,12,422,11,Medium
2,4,4,6,324,15,Medium
3,7,3,8,286,8,Medium
2,8,9,3,75,21,Medium
9,1,2,7,135,14,Medium
8,8,4,12,80,6,Low
7,1,7,8,451,15,Medium
5,7,9,15,129,7,Medium
5,4,1,1,432,11,Low
1,1,10,15,307,17,High
3,1,9,2,485,6,Medium
2,10,2,7,256,4,Low
10,4,10,1,367,3,Low
7,10,10,10,183,7,Medium
6,4,5,12,117,22,Medium
5,8,6,2,54,15,Medium
10,10,2,2,325,7,Low
9,5,3,11,85,8,Low
6,5,3,14,476,18,Medium
5,10,9,0,391,18,Medium
5,2,3,8,109,4,Medium
9,3,5,9,359,7,Medium
6,4,5,15,178,2,Medium
2,7,5,1,51,11,Medium
3,5,3,14,332,23,High
7,9,1,3,88,23,Low
3,9,1,11,348,18,Medium
3,7,3,1,207,12,Low
1,6,4,7,391,4,Medium
6,9,7,4,171,6,Low
3,7,1,5,427,11,Low
7,4,5,5,453,23,Medium
2,7,1,15,163,7,Medium
8,6,5,7,164,1,Low
4,7,6,8,492,3,Medium
5,6,9,12,397,18,High
6,1,2,8,141,19,Medium
5,1,2,13,226,24,High
6,7,10,3,247,19,Medium
4,5,1,13,50,17,Medium
9,4,6,13,85,22,Medium
6,10,6,3,418,10,Low
9,5,7,10,256,23,Medium
5,9,3,6,265,22,Medium
7,3,10,9,257,18,High
1,5,5,6,270,19,Medium
10,6,8,14,276,22,Medium
4,9,8,5,387,3,Medium
5,9,10,10,97,8,Medium
5,4,4,4,62,2,Low
4,8,10,2,283,14,Medium
10,4,7,15,254,8,Medium
3,1,2,13,162,6,Medium
9,8,1,7,484,4,Low
8,3,8,10,436,15,Medium
10,9,7,14,131,24,Medium
8,8,5,7,480,21,Medium
5,9,8,7,190,15,Medium
2,5,4,8,221,11,Medium
9,2,3,4,168,13,Low
3,4,2,13,258,11,Medium
9,8,7,1,155,14,Low
7,10,1,12,294,1,Low
6,5,7,13,325,24,High
9,10,4,15,162,9,Low
7,8,1,12,222,22,Medium
7,3,8,4,368,18,Medium
1,7,10,0,92,21,Medium
7,3,8,5,75,9,Medium
7,6,4,14,217,11,Medium
7,5,7,8,477,3,Medium
8,1,9,1,229,8,Medium
2,1,1,7,152,1,Medium
10,3,4,4,292,22,Medium
2,10,4,14,408,9,Medium
6,3,10,3,448,6,Medium
5,2,10,0,209,19,Medium
7,7,4,2,353,23,Medium
4,2,5,3,457,19,Medium
1,6,9,13,388,12,High
2,9,6,0,484,14,Medium
8,2,7,11,375,15,Medium
3,7,3,8,365,18,Medium
8,8,7,8,215,8,Low
2,5,8,7,434,15,Medium
10,10,7,10,64,16,Medium
6,3,8,6,231,9,Medium
6,5,10,8,334,1,Medium
9,4,2,7,418,14,Low
8,9,4,15,380,23,Medium
8,8,1,2,200,8,Low
7,4,5,11,292,18,Medium
9,6,7,10,230,23,Medium
8,5,5,8,168,4,Low
4,6,2,5,148,7,Low
8,5,10,9,101,7,Medium
5,4,6,5,204,1,Low
9,3,5,1,77,18,Low
5,3,8,3,496,1,Medium
10,5,8,15,275,11,Medium
3,1,5,15,108,3,Medium
7,8,2,1,127,5,Low
10,5,2,7,110,18,Low
7,10,10,7,447,17,Medium
7,8,8,9,490,19,Medium
7,5,10,1,362,24,Medium
2,4,4,8,388,3,Medium
3,4,3,2,130,1,Low
7,8,10,15,199,2,Medium
4,5,5,14,86,22,High
4,5,10,6,267,4,Medium
9,4,3,8,473,5,Low
2,1,3,9,354,24,High
10,5,8,3,289,23,Medium
5,7,5,15,274,3,Medium
10,1,7,10,359,9,Medium
1,2,4,0,441,22,Medium
5,10,1,5,290,17,Low
8,5,3,13,375,16,Medium
2,8,6,13,220,11,Medium
2,3,6,13,405,16,High
5,7,9,1,282,3,Low
6,5,6,3,445,13,Medium
9,1,9,14,261,2,Medium
4,9,6,15,370,15,Medium
1,4,5,4,197,15,Medium
8,2,1,7,413,6,Low
5,9,1,13,97,8,Low
2,8,2,4,305,23,Medium
5,9,5,13,477,16,Medium
8,4,8,4,246,7,Medium
10,9,3,2,191,14,Low
6,9,5,0,194,24,Medium
5,10,10,15,493,5,Medium
8,9,8,11,220,18,Medium
9,7,8,10,495,7,Medium
4,10,7,7,488,14,Medium
1,6,8,12,247,22,High
3,8,1,4,307,19,Medium
6,2,8,3,319,15,Medium
1,3,7,4,88,16,Medium
5,6,10,12,382,3,Medium
6,9,7,10,370,23,Medium
8,9,1,2,170,21,Low
5,4,2,13,100,21,Medium
2,8,3,9,64,2,Low
6,1,5,11,241,14,Medium
3,4,9,13,339,22,High
3,3,3,2,362,13,Medium
10,4,8,4,168,15,Medium
5,8,5,0,461,15,Low
5,9,3,2,276,12,Low
10,5,7,8,283,10,Medium
4,7,8,3,171,13,Medium
10,6,10,9,408,10,Medium
1,7,5,0,339,22,Medium
1,10,8,9,447,8,Medium
10,6,4,6,367,9,Low
3,2,1,9,453,15,Medium
1,10,6,4,96,10,Medium
